lexId,label,value
ls.n10029,condo,ls.n10029:condo
ls.n10088,confero,ls.n10088:confero
ls.n1010,adsum,ls.n1010:adsum
ls.n1021,adulescens,ls.n1021:adulescens
ls.n10309,conicio,ls.n10309:conicio
ls.n10349,conjugium,ls.n10349:conjugium
ls.n10361,conjunx,ls.n10361:conjunx
ls.n10364,conjuro,ls.n10364:conjuro
ls.n10379,conor,ls.n10379:conor
ls.n10519,consilium,ls.n10519:consilium
ls.n10586,conspicio1,ls.n10586:conspicio1
ls.n10632,constituo,ls.n10632:constituo
ls.n10692,consultum,ls.n10692:consultum
ls.n10701,consumo,ls.n10701:consumo
ls.n10732,contamino,ls.n10732:contamino
ls.n10770,contendo,ls.n10770:contendo
ls.n10857,contra,ls.n10857:contra
ls.n10926,contumelia,ls.n10926:contumelia
ls.n1094,adversus2,ls.n1094:adversus2
ls.n10953,conubium,ls.n10953:conubium
ls.n10977,convenio,ls.n10977:convenio
ls.n11004,converto,ls.n11004:converto
ls.n11044,convoco,ls.n11044:convoco
ls.n11079,copia1,ls.n11079:copia1
ls.n11124,cor,ls.n11124:cor
ls.n11216,cornu,ls.n11216:cornu
ls.n1121,Aeacus,ls.n1121:Aeacus
ls.n11234,corona,ls.n11234:corona
ls.n11249,coronis1,ls.n11249:coronis1
ls.n11268,corpus,ls.n11268:corpus
ls.n11525,credo,ls.n11525:credo
ls.n11543,creo1,ls.n11543:creo1
ls.n11570,cresco,ls.n11570:cresco
ls.n11600,crimen,ls.n11600:crimen
ls.n11616,crinis,ls.n11616:crinis
ls.n11707,crucifigo,ls.n11707:crucifigo
ls.n11714,crudelitas,ls.n11714:crudelitas
ls.n11726,cruentus,ls.n11726:cruentus
ls.n11769,cubiculum,ls.n11769:cubiculum
ls.n1181,Aegisthus,ls.n1181:Aegisthus
ls.n11860,culter,ls.n11860:culter
ls.n11872,cum1,ls.n11872:cum1
ls.n11914,cunctus,ls.n11914:cunctus
ls.n11948,cupiditas,ls.n11948:cupiditas
ls.n11949,cupido,ls.n11949:cupido
ls.n11977,cur,ls.n11977:cur
ls.n11978,cura,ls.n11978:cura
ls.n12030,curro,ls.n12030:curro
ls.n12032,currus,ls.n12032:currus
ls.n12045,cursus,ls.n12045:cursus
ls.n12071,custodia,ls.n12071:custodia
ls.n12074,custodio,ls.n12074:custodio
ls.n12076,custos,ls.n12076:custos
ls.n12114,cycnus1,ls.n12114:cycnus1
ls.n12263,Daedalus,ls.n12263:Daedalus
ls.n12301,damno,ls.n12301:damno
ls.n12314,Danaus,ls.n12314:Danaus
ls.n12361,de2,ls.n12361:de2
ls.n12362,dea,ls.n12362:dea
ls.n12387,debeo,ls.n12387:debeo
ls.n12432,decem,ls.n12432:decem
ls.n12484,decido2,ls.n12484:decido2
ls.n12494,decimus1,ls.n12494:decimus1
ls.n12498,decipio,ls.n12498:decipio
ls.n12628,dedo,ls.n12628:dedo
ls.n1263,Aeolus,ls.n1263:Aeolus
ls.n12664,defendo,ls.n12664:defendo
ls.n12677,defero,ls.n12677:defero
ls.n12687,deficio,ls.n12687:deficio
ls.n12804,deicio,ls.n12804:deicio
ls.n12812,deinde,ls.n12812:deinde
ls.n12919,deligo1,ls.n12919:deligo1
ls.n12960,delphinus,ls.n12960:delphinus
ls.n13047,demonstro,ls.n13047:demonstro
ls.n13065,demum,ls.n13065:demum
ls.n13201,depono,ls.n13201:depono
ls.n13241,deprecor,ls.n13241:deprecor
ls.n13329,descendo,ls.n13329:descendo
ls.n13352,desero2,ls.n13352:desero2
ls.n13492,desum,ls.n13492:desum
ls.n1353,aerumna,ls.n1353:aerumna
ls.n13551,detraho,ls.n13551:detraho
ls.n13560,detrudo,ls.n13560:detrudo
ls.n13573,deus,ls.n13573:deus
ls.n13586,devenio,ls.n13586:devenio
ls.n13630,devoro,ls.n13630:devoro
ls.n13731,Diana,ls.n13731:Diana
ls.n13804,dico2,ls.n13804:dico2
ls.n13847,dies,ls.n13847:dies
ls.n1392,aestimo,ls.n1392:aestimo
ls.n13930,dignitas,ls.n13930:dignitas
ls.n14028,dimitto,ls.n14028:dimitto
ls.n1406,aetas,ls.n1406:aetas
ls.n1413,aeternus,ls.n1413:aeternus
ls.n14145,discedo,ls.n14145:discedo
ls.n14166,disciplina,ls.n14166:disciplina
ls.n14180,disco,ls.n14180:disco
ls.n14196,discordia,ls.n14196:discordia
ls.n14334,displiceo,ls.n14334:displiceo
ls.n14485,distraho,ls.n14485:distraho
ls.n14514,diu,ls.n14514:diu
ls.n14559,divido,ls.n14559:divido
ls.n14573,divinus,ls.n14573:divinus
ls.n14599,do1,ls.n14599:do1
ls.n14602,doceo,ls.n14602:doceo
ls.n14669,dolor,ls.n14669:dolor
ls.n14674,dolus,ls.n14674:dolus
ls.n14720,domus,ls.n14720:domus
ls.n14731,donec,ls.n14731:donec
ls.n14735,dono,ls.n14735:dono
ls.n14736,donum,ls.n14736:donum
ls.n14747,dormio,ls.n14747:dormio
ls.n14774a,draco1,ls.n14774a:draco1
ls.n14847,duco,ls.n14847:duco
ls.n14855,ductor,ls.n14855:ductor
ls.n14902,dum,ls.n14902:dum
ls.n14914,duo,ls.n14914:duo
ls.n14920,duodecim,ls.n14920:duodecim
ls.n14988,duro,ls.n14988:duro
ls.n15002,dux,ls.n15002:dux
ls.n15140,edico,ls.n15140:edico
ls.n15157,edo2,ls.n15157:edo2
ls.n15175,educo2,ls.n15175:educo2
ls.n15216,effero1,ls.n15216:effero1
ls.n15285,effugio,ls.n15285:effugio
ls.n15308,egeo,ls.n15308:egeo
ls.n15326,ego,ls.n15326:ego
ls.n15344,eicio,ls.n15344:eicio
ls.n1534,ager,ls.n1534:ager
ls.n15790,enim,ls.n15790:enim
ls.n15834,ensis,ls.n15834:ensis
ls.n15868,eo1,ls.n15868:eo1
ls.n15896,ephebus,ls.n15896:ephebus
ls.n15995,epistula,ls.n15995:epistula
ls.n1603,agnosco,ls.n1603:agnosco
ls.n16047,epulum,ls.n16047:epulum
ls.n16049,equa,ls.n16049:equa
ls.n1605,ago,ls.n1605:ago
ls.n16074,equus,ls.n16074:equus
ls.n16113,erga,ls.n16113:erga
ls.n16121,ergo,ls.n16121:ergo
ls.n16146,eripio,ls.n16146:eripio
ls.n16278,et,ls.n16278:et
ls.n16296,etiam,ls.n16296:etiam
ls.n16342,Eumaeus,ls.n16342:Eumaeus
ls.n16519,ex,ls.n16519:ex
ls.n1659,aio,ls.n1659:aio
ls.n16624,excaeco,ls.n16624:excaeco
ls.n16644,excedo,ls.n16644:excedo
ls.n16677,excipio,ls.n16677:excipio
ls.n16796,exemplum,ls.n16796:exemplum
ls.n16804,exeo,ls.n16804:exeo
ls.n16824,exercitus2,ls.n16824:exercitus2
ls.n16876,exiguus,ls.n16876:exiguus
ls.n16897,existimo,ls.n16897:existimo
ls.n16904,exitium,ls.n16904:exitium
ls.n16906,exitus2,ls.n16906:exitus2
ls.n17004,expello,ls.n17004:expello
ls.n17049,expio,ls.n17049:expio
ls.n17092,expono,ls.n17092:expono
ls.n17132,expugno,ls.n17132:expugno
ls.n17202,exsequiae,ls.n17202:exsequiae
ls.n17205,exsequor,ls.n17205:exsequor
ls.n17219,exsilium,ls.n17219:exsilium
ls.n17284,exsul,ls.n17284:exsul
ls.n1743,albus,ls.n1743:albus
ls.n17511,facilis,ls.n17511:facilis
ls.n17515,facinus,ls.n17515:facinus
ls.n17516,facio,ls.n17516:facio
ls.n17632,falsus,ls.n17632:falsus
ls.n17642,fames,ls.n17642:fames
ls.n17677,famulus1,ls.n17677:famulus1
ls.n17687,fanum1,ls.n17687:fanum1
ls.n17775,fatalis,ls.n17775:fatalis
ls.n17799,fatum,ls.n17799:fatum
ls.n17843,fax,ls.n17843:fax
ls.n17904,femina,ls.n17904:femina
ls.n17908,femineus,ls.n17908:femineus
ls.n17940,fere,ls.n17940:fere
ls.n17953,ferio,ls.n17953:ferio
ls.n17964,fero,ls.n17964:fero
ls.n17971,ferox,ls.n17971:ferox
ls.n17991,ferrum,ls.n17991:ferrum
ls.n18024,fessus,ls.n18024:fessus
ls.n18034,festino,ls.n18034:festino
ls.n18045,festus1,ls.n18045:festus1
ls.n18127,fides1,ls.n18127:fides1
ls.n18150,figo,ls.n18150:figo
ls.n18160,figura,ls.n18160:figura
ls.n18173,filia,ls.n18173:filia
ls.n18185,filius,ls.n18185:filius
ls.n18202,finis,ls.n18202:finis
ls.n18204,finitimus,ls.n18204:finitimus
ls.n18209,fio,ls.n18209:fio
ls.n18307,flamma1,ls.n18307:flamma1
ls.n18352,flecto,ls.n18352:flecto
ls.n18355,fleo,ls.n18355:fleo
ls.n18429,fluctus,ls.n18429:fluctus
ls.n18442,flumen,ls.n18442:flumen
ls.n1846,alimentum,ls.n1846:alimentum
ls.n18508,folium,ls.n18508:folium
ls.n18524,fons,ls.n18524:fons
ls.n18566,forma,ls.n18566:forma
ls.n18600,formosus,ls.n18600:formosus
ls.n18637,fortis,ls.n18637:fortis
ls.n1863,aliquando,ls.n1863:aliquando
ls.n18704,frango,ls.n18704:frango
ls.n18705,frater,ls.n18705:frater
ls.n18726,fraudo,ls.n18726:fraudo
ls.n1874,aliquis,ls.n1874:aliquis
ls.n18884,frumentum,ls.n18884:frumentum
ls.n18920,frux,ls.n18920:frux
ls.n18934,fuga,ls.n18934:fuga
ls.n18943,fugio,ls.n18943:fugio
ls.n18949,fugo,ls.n18949:fugo
ls.n1896,alius2,ls.n1896:alius2
ls.n18993,fulmen,ls.n18993:fulmen
ls.n19053,funebris,ls.n19053:funebris
ls.n19075,funus,ls.n19075:funus
ls.n19099,furia,ls.n19099:furia
ls.n19114,Furius,ls.n19114:Furius
ls.n19336,gaudium,ls.n19336:gaudium
ls.n19387,geminus,ls.n19387:geminus
ls.n19461,gens,ls.n19461:gens
ls.n19471,genu,ls.n19471:genu
ls.n19477,genus1,ls.n19477:genus1
ls.n1947,alligo,ls.n1947:alligo
ls.n19512,gero1,ls.n19512:gero1
ls.n19570,gigno,ls.n19570:gigno
ls.n19607,gladius,ls.n19607:gladius
ls.n19675,gloria,ls.n19675:gloria
ls.n19810,Graeci,ls.n19810:Graeci
ls.n19896,gratia,ls.n19896:gratia
ls.n19936,gravidus,ls.n19936:gravidus
ls.n19937,gravis,ls.n19937:gravis
ls.n19994,gubernaculum,ls.n19994:gubernaculum
ls.n19996,gubernator,ls.n19996:gubernator
ls.n20077,habeo,ls.n20077:habeo
ls.n20088,habito,ls.n20088:habito
ls.n2015,alter,ls.n2015:alter
ls.n20237,harmonia1,ls.n20237:harmonia1
ls.n20273,hasta,ls.n20273:hasta
ls.n202,abscondo,ls.n202:abscondo
ls.n20321,Hector,ls.n20321:Hector
ls.n20511,Hercules,ls.n20511:Hercules
ls.n2061,altus1,ls.n2061:altus1
ls.n20640,hic,ls.n20640:hic
ls.n20809,historia,ls.n20809:historia
ls.n20829,hodie,ls.n20829:hodie
ls.n20866,homo,ls.n20866:homo
ls.n20890,honor,ls.n20890:honor
ls.n20912,hora1,ls.n20912:hora1
ls.n20992,hortor,ls.n20992:hortor
ls.n20998,hospes,ls.n20998:hospes
ls.n21007,hospitium,ls.n21007:hospitium
ls.n21026,hostis,ls.n21026:hostis
ls.n21031,huc,ls.n21031:huc
ls.n21043,humanus,ls.n21043:humanus
ls.n21296,ibi,ls.n21296:ibi
ls.n21321,icio,ls.n21321:icio
ls.n21333,ictus2,ls.n21333:ictus2
ls.n21343,idem,ls.n21343:idem
ls.n21345,ideo,ls.n21345:ideo
ls.n21376,igitur,ls.n21376:igitur
ls.n21377,ignarus,ls.n21377:ignarus
ls.n21403,ignis,ls.n21403:ignis
ls.n21494,ille,ls.n21494:ille
ls.n21521,illic2,ls.n21521:illic2
ls.n21675,immanis,ls.n21675:immanis
ls.n21734,immo,ls.n21734:immo
ls.n21752,immolo,ls.n21752:immolo
ls.n21880,imperium,ls.n21880:imperium
ls.n21886,impero,ls.n21886:impero
ls.n21916,impetro,ls.n21916:impetro
ls.n21919,impetus,ls.n21919:impetus
ls.n21966,imploro,ls.n21966:imploro
ls.n2197,ambulo,ls.n2197:ambulo
ls.n21980,impono,ls.n21980:impono
ls.n22067,imprudens,ls.n22067:imprudens
ls.n22087,impulsus2,ls.n22087:impulsus2
ls.n22111,in1,ls.n22111:in1
ls.n22294,incendo,ls.n22294:incendo
ls.n22331,incestus1,ls.n22331:incestus1
ls.n22337,incido1,ls.n22337:incido1
ls.n22350,incipio,ls.n22350:incipio
ls.n2236,amicitia,ls.n2236:amicitia
ls.n22372,incito,ls.n22372:incito
ls.n22435,incolumis,ls.n22435:incolumis
ls.n22454,incommodus,ls.n22454:incommodus
ls.n2246,amicus1,ls.n2246:amicus1
ls.n2260,amitto,ls.n2260:amitto
ls.n22699,inde,ls.n22699:inde
ls.n22779,indicium,ls.n22779:indicium
ls.n22781,indico1,ls.n22781:indico1
ls.n2278,amnis,ls.n2278:amnis
ls.n2280,amo,ls.n2280:amo
ls.n2294,amor,ls.n2294:amor
ls.n23109,infans,ls.n23109:infans
ls.n23173,inferus,ls.n23173:inferus
ls.n23184,infestus,ls.n23184:infestus
ls.n23358,ingens,ls.n23358:ingens
ls.n23465,inicio,ls.n23465:inicio
ls.n23517,injuria,ls.n23517:injuria
ls.n23557,innocens,ls.n23557:innocens
ls.n2365,amplus,ls.n2365:amplus
ls.n23674,inquam,ls.n23674:inquam
ls.n23716,insania,ls.n23716:insania
ls.n23747,inscius,ls.n23747:inscius
ls.n23845,insignis,ls.n23845:insignis
ls.n23984,instituo,ls.n23984:instituo
ls.n24040,insula1,ls.n24040:insula1
ls.n24062,insum,ls.n24062:insum
ls.n2407,an1,ls.n2407:an1
ls.n24114,intellego,ls.n24114:intellego
ls.n24136,intendo,ls.n24136:intendo
ls.n24154,inter1,ls.n24154:inter1
ls.n24241,intereo,ls.n24241:intereo
ls.n24257,interficio,ls.n24257:interficio
ls.n24284,interim,ls.n24284:interim
ls.n24288,interitus1,ls.n24288:interitus1
ls.n24407,interpres,ls.n24407:interpres
ls.n24416,interpretor,ls.n24416:interpretor
ls.n24445,interrogo,ls.n24445:interrogo
ls.n24575,intra,ls.n24575:intra
ls.n24610,intro2,ls.n24610:intro2
ls.n24644,intueor,ls.n24644:intueor
ls.n24654,intus,ls.n24654:intus
ls.n24717,invenio,ls.n24717:invenio
ls.n24762,invidia,ls.n24762:invidia
ls.n24872,ipse,ls.n24872:ipse
ls.n24877,ira,ls.n24877:ira
ls.n2487,ancilla,ls.n2487:ancilla
ls.n24885,irascor,ls.n24885:irascor
ls.n25029,is,ls.n25029:is
ls.n25100,ita,ls.n25100:ita
ls.n25104,itaque,ls.n25104:itaque
ls.n25106,item,ls.n25106:item
ls.n25107,iter,ls.n25107:iter
ls.n25115,iterum,ls.n25115:iterum
ls.n25182,jaculum,ls.n25182:jaculum
ls.n25184,jam,ls.n25184:jam
ls.n25264,jubeo,ls.n25264:jubeo
ls.n25280,judex,ls.n25280:judex
ls.n25293,judicium,ls.n25293:judicium
ls.n25294,judico,ls.n25294:judico
ls.n25350,jungo,ls.n25350:jungo
ls.n25390,juro,ls.n25390:juro
ls.n25409,jussus2,ls.n25409:jussus2
ls.n25441,juvenis,ls.n25441:juvenis
ls.n25450,juxta,ls.n25450:juxta
ls.n25495,labor2,ls.n25495:labor2
ls.n254,absum,ls.n254:absum
ls.n25504,laboro,ls.n25504:laboro
ls.n25559,lacrima,ls.n25559:lacrima
ls.n25611,lacus,ls.n25611:lacus
ls.n25650,laeto,ls.n25650:laeto
ls.n25653,laetus1,ls.n25653:laetus1
ls.n25821,Laodamia,ls.n25821:Laodamia
ls.n25849,lapis,ls.n25849:lapis
ls.n25944,lassitudo,ls.n25944:lassitudo
ls.n25947,lassus,ls.n25947:lassus
ls.n26001,Latinus1,ls.n26001:Latinus1
ls.n26064,laudo,ls.n26064:laudo
ls.n26169,legatus,ls.n26169:legatus
ls.n26186,lego2,ls.n26186:lego2
ls.n26265,leo2,ls.n26265:leo2
ls.n2636,animus,ls.n2636:animus
ls.n26431,lex,ls.n26431:lex
ls.n26465,liber1,ls.n26465:liber1
ls.n26468,liber4,ls.n26468:liber4
ls.n26471,liberalis1,ls.n26471:liberalis1
ls.n26479,libero,ls.n26479:libero
ls.n26488,libet,ls.n26488:libet
ls.n26547,licet,ls.n26547:licet
ls.n26587,ligneus,ls.n26587:ligneus
ls.n26692,lingua,ls.n26692:lingua
ls.n26829,littera,ls.n26829:littera
ls.n26850,litus2,ls.n26850:litus2
ls.n26851,litus3,ls.n26851:litus3
ls.n26891,loco,ls.n26891:loco
ls.n26903,locus,ls.n26903:locus
ls.n26977,longus,ls.n26977:longus
ls.n26988,loquor,ls.n26988:loquor
ls.n2698,annus,ls.n2698:annus
ls.n2701,annuus,ls.n2701:annuus
ls.n27088,Lucretius,ls.n27088:Lucretius
ls.n27119,luctor,ls.n27119:luctor
ls.n27122,luctus,ls.n27122:luctus
ls.n27140,lucus1,ls.n27140:lucus1
ls.n27171,ludus,ls.n27171:ludus
ls.n27193,lumen,ls.n27193:lumen
ls.n27199,luna1,ls.n27199:luna1
ls.n27211,lupa,ls.n27211:lupa
ls.n27278,lusus2,ls.n27278:lusus2
ls.n27303,lux,ls.n27303:lux
ls.n2733,ante,ls.n2733:ante
ls.n27366,Lycus,ls.n27366:Lycus
ls.n27647,magnitudo,ls.n27647:magnitudo
ls.n27649,magnus1,ls.n27649:magnus1
ls.n27776,malus1,ls.n27776:malus1
ls.n27841,mando1,ls.n27841:mando1
ls.n27858,maneo,ls.n27858:maneo
ls.n2791,antepono,ls.n2791:antepono
ls.n27977,manus1,ls.n27977:manus1
ls.n28019,mare,ls.n28019:mare
ls.n28054,maritus1,ls.n28054:maritus1
ls.n28088,Mars,ls.n28088:Mars
ls.n28181,mater,ls.n28181:mater
ls.n28220,matrona1,ls.n28220:matrona1
ls.n28253,matutinus,ls.n28253:matutinus
ls.n28326,medicinus,ls.n28326:medicinus
ls.n28367,medius1,ls.n28367:medius1
ls.n283,ac2,ls.n283:ac2
ls.n28593,memini,ls.n28593:memini
ls.n28599,memor1,ls.n28599:memor1
ls.n28694,mens,ls.n28694:mens
ls.n28776,Mercurius,ls.n28776:Mercurius
ls.n28786,mereo,ls.n28786:mereo
ls.n28813,merito1,ls.n28813:merito1
ls.n28985,metus,ls.n28985:metus
ls.n28988,meus,ls.n28988:meus
ls.n2898,antiquus,ls.n2898:antiquus
ls.n29030,migro,ls.n29030:migro
ls.n29035,miles,ls.n29035:miles
ls.n29060,mille,ls.n29060:mille
ls.n29148,ministerium,ls.n29148:ministerium
ls.n29160,minitor,ls.n29160:minitor
ls.n29185,minus1,ls.n29185:minus1
ls.n29219,miraculum,ls.n29219:miraculum
ls.n29234,miror,ls.n29234:miror
ls.n29235,mirus,ls.n29235:mirus
ls.n29242,misceo,ls.n29242:misceo
ls.n29266,misericordia,ls.n29266:misericordia
ls.n29328,mitto,ls.n29328:mitto
ls.n29348,mobilis,ls.n29348:mobilis
ls.n29388,modo,ls.n29388:modo
ls.n29400,modus,ls.n29400:modus
ls.n29412,moenia1,ls.n29412:moenia1
ls.n29544,moneo,ls.n29544:moneo
ls.n29604,mons,ls.n29604:mons
ls.n29616,monstro,ls.n29616:monstro
ls.n29619,monstrum,ls.n29619:monstrum
ls.n29641,monumentum,ls.n29641:monumentum
ls.n29707,morior,ls.n29707:morior
ls.n29724,mors,ls.n29724:mors
ls.n29733,mortalis,ls.n29733:mortalis
ls.n29751,morum,ls.n29751:morum
ls.n29755,mos,ls.n29755:mos
ls.n2976,aper1,ls.n2976:aper1
ls.n29781,moveo,ls.n29781:moveo
ls.n29782,mox,ls.n29782:mox
ls.n2980,aperio,ls.n2980:aperio
ls.n29831,muliebris,ls.n29831:muliebris
ls.n29835,mulier,ls.n29835:mulier
ls.n29934,multitudo,ls.n29934:multitudo
ls.n29945,multus,ls.n29945:multus
ls.n30005,munimentum,ls.n30005:munimentum
ls.n30017,munus,ls.n30017:munus
ls.n30080,murus,ls.n30080:murus
ls.n30083,Musa1,ls.n30083:Musa1
ls.n30179,muto1,ls.n30179:muto1
ls.n30350,nam,ls.n30350:nam
ls.n30357,nanciscor,ls.n30357:nanciscor
ls.n30406,narro,ls.n30406:narro
ls.n30423,nascor,ls.n30423:nascor
ls.n30470,nato,ls.n30470:nato
ls.n30501,naufragium,ls.n30501:naufragium
ls.n30535,nauta,ls.n30535:nauta
ls.n30568,navis,ls.n30568:navis
ls.n30583,ne1,ls.n30583:ne1
ls.n305,Acastus,ls.n305:Acastus
ls.n30600,nebula,ls.n30600:nebula
ls.n30605,nec1,ls.n30605:nec1
ls.n30624,neco,ls.n30624:neco
ls.n3063,Apollo,ls.n3063:Apollo
ls.n30680,neglego,ls.n30680:neglego
ls.n30681,nego,ls.n30681:nego
ls.n30698,Neleus,ls.n30698:Neleus
ls.n30714,nemo,ls.n30714:nemo
ls.n30752,nepos1,ls.n30752:nepos1
ls.n30776,neque,ls.n30776:neque
ls.n30831,nescio,ls.n30831:nescio
ls.n30872,nex,ls.n30872:nex
ls.n30930,niger1,ls.n30930:niger1
ls.n30954,nihil,ls.n30954:nihil
ls.n30981,nimis,ls.n30981:nimis
ls.n31008,nisi,ls.n31008:nisi
ls.n31035,nitor1,ls.n31035:nitor1
ls.n31073,noceo,ls.n31073:noceo
ls.n31124,nolo,ls.n31124:nolo
ls.n31131,nomen,ls.n31131:nomen
ls.n31146,nomino,ls.n31146:nomino
ls.n31151,non,ls.n31151:non
ls.n31185,nonnullus,ls.n31185:nonnullus
ls.n3120,appareo,ls.n3120:appareo
ls.n31212,nosco,ls.n31212:nosco
ls.n31216,noster,ls.n31216:noster
ls.n31271,novem,ls.n31271:novem
ls.n31308,novus,ls.n31308:novus
ls.n31309,nox,ls.n31309:nox
ls.n3134,appello2,ls.n3134:appello2
ls.n31365,nudus,ls.n31365:nudus
ls.n31390,nullus,ls.n31390:nullus
ls.n31401,numen,ls.n31401:numen
ls.n31419,numerus,ls.n31419:numerus
ls.n31439,numquam,ls.n31439:numquam
ls.n31444,nunc,ls.n31444:nunc
ls.n31452,nuncupo,ls.n31452:nuncupo
ls.n31472,nuntio,ls.n31472:nuntio
ls.n31512,nutrio,ls.n31512:nutrio
ls.n31520,nutrix,ls.n31520:nutrix
ls.n31537,nympha,ls.n31537:nympha
ls.n31564,ob,ls.n31564:ob
ls.n31594,obdormio,ls.n31594:obdormio
ls.n31613,obeo,ls.n31613:obeo
ls.n31628,obicio,ls.n31628:obicio
ls.n3177,appono,ls.n3177:appono
ls.n31792,obruo,ls.n31792:obruo
ls.n31857,obsideo,ls.n31857:obsideo
ls.n31871,obsisto,ls.n31871:obsisto
ls.n31972,obtineo,ls.n31972:obtineo
ls.n32063,occasio,ls.n32063:occasio
ls.n32088,occido1,ls.n32088:occido1
ls.n32119,occulto2,ls.n32119:occulto2
ls.n32127,occupo,ls.n32127:occupo
ls.n32143,Oceanus,ls.n32143:Oceanus
ls.n32239,oculus,ls.n32239:oculus
ls.n32256,odi,ls.n32256:odi
ls.n3230,aprinus,ls.n3230:aprinus
ls.n32439,olea,ls.n32439:olea
ls.n3250,apud,ls.n3250:apud
ls.n32583,omnis,ls.n32583:omnis
ls.n3259,aqua,ls.n3259:aqua
ls.n32660,opera,ls.n32660:opera
ls.n32796,oppidum,ls.n32796:oppidum
ls.n32829,oppugno1,ls.n32829:oppugno1
ls.n3282,aquila1,ls.n3282:aquila1
ls.n32834,ops1,ls.n32834:ops1
ls.n32865,opus1,ls.n32865:opus1
ls.n32872,oraculum,ls.n32872:oraculum
ls.n32880,orator,ls.n32880:orator
ls.n32899,orbis,ls.n32899:orbis
ls.n32947,ordo,ls.n32947:ordo
ls.n3294,aquilo,ls.n3294:aquilo
ls.n33000,orior,ls.n33000:orior
ls.n33028,orno,ls.n33028:orno
ls.n33030,oro,ls.n33030:oro
ls.n33093,os1,ls.n33093:os1
ls.n33094,os2,ls.n33094:os2
ls.n3310,ara,ls.n3310:ara
ls.n33147,ostendo,ls.n33147:ostendo
ls.n33424,Palamedes,ls.n33424:Palamedes
ls.n3357,arbiter,ls.n3357:arbiter
ls.n3368,arbitrium,ls.n3368:arbitrium
ls.n3369,arbitro,ls.n3369:arbitro
ls.n3372,arbor1,ls.n3372:arbor1
ls.n33821,Parca,ls.n33821:Parca
ls.n33843,parens2,ls.n33843:parens2
ls.n33851,pareo,ls.n33851:pareo
ls.n33879,pario2,ls.n33879:pario2
ls.n3389,arca,ls.n3389:arca
ls.n33902,paro1,ls.n33902:paro1
ls.n33930,pars,ls.n33930:pars
ls.n33974,partim,ls.n33974:partim
ls.n33990,partus2,ls.n33990:partus2
ls.n33992,parum,ls.n33992:parum
ls.n34005,parvus,ls.n34005:parvus
ls.n34067,pastor,ls.n34067:pastor
ls.n34084,patefacio,ls.n34084:patefacio
ls.n34095,pateo,ls.n34095:pateo
ls.n34096,pater,ls.n34096:pater
ls.n34101,paternus,ls.n34101:paternus
ls.n34121,patior,ls.n34121:patior
ls.n34131,patria,ls.n34131:patria
ls.n34182,paucus,ls.n34182:paucus
ls.n34282,pectus,ls.n34282:pectus
ls.n34312,pecus1,ls.n34312:pecus1
ls.n34394,pelagus,ls.n34394:pelagus
ls.n34403,Peleus,ls.n34403:Peleus
ls.n34447,pellis,ls.n34447:pellis
ls.n34449,pello,ls.n34449:pello
ls.n34485,pendo,ls.n34485:pendo
ls.n34513,penna,ls.n34513:penna
ls.n34585,penuria,ls.n34585:penuria
ls.n34595,per1,ls.n34595:per1
ls.n34619,perago,ls.n34619:perago
ls.n34686,percello,ls.n34686:percello
ls.n34771,percutio,ls.n34771:percutio
ls.n34815,perduco,ls.n34815:perduco
ls.n3485,arcus,ls.n3485:arcus
ls.n34869,pereo,ls.n34869:pereo
ls.n34910,perficio,ls.n34910:perficio
ls.n3492,ardeo,ls.n3492:ardeo
ls.n35048,periculum,ls.n35048:periculum
ls.n35358,perpetior,ls.n35358:perpetior
ls.n35491,persequor,ls.n35491:persequor
ls.n3559,argentum,ls.n3559:argentum
ls.n35702,pervenio,ls.n35702:pervenio
ls.n35756,pes,ls.n35756:pes
ls.n35777,pestilentia,ls.n35777:pestilentia
ls.n3577,Argonautae,ls.n3577:Argonautae
ls.n35822,peto,ls.n35822:peto
ls.n35826,petra1,ls.n35826:petra1
ls.n3621,aries,ls.n3621:aries
ls.n36272,pietas1,ls.n36272:pietas1
ls.n363,accipio,ls.n363:accipio
ls.n36428,piscis,ls.n36428:piscis
ls.n36487,pius,ls.n36487:pius
ls.n36504,placeo,ls.n36504:placeo
ls.n36520,plaga1,ls.n36520:plaga1
ls.n36651,plenus,ls.n36651:plenus
ls.n3665,arma,ls.n3665:arma
ls.n36788,poena,ls.n36788:poena
ls.n36808,poeta,ls.n36808:poeta
ls.n3681,armentum,ls.n3681:armentum
ls.n36862,polliceor,ls.n36862:polliceor
ls.n36895,polus1,ls.n36895:polus1
ls.n3697,armo,ls.n3697:armo
ls.n37010,pono,ls.n37010:pono
ls.n37077,populus1,ls.n37077:populus1
ls.n37124,porta,ls.n37124:porta
ls.n37152,porto,ls.n37152:porto
ls.n3715,aro,ls.n3715:aro
ls.n37168,posco,ls.n37168:posco
ls.n37191,possideo,ls.n37191:possideo
ls.n37193,possum,ls.n37193:possum
ls.n37194,post,ls.n37194:post
ls.n37196,postea,ls.n37196:postea
ls.n37197,posteaquam,ls.n37197:posteaquam
ls.n37207,posterus,ls.n37207:posterus
ls.n37241,postquam,ls.n37241:postquam
ls.n37292,potestas,ls.n37292:potestas
ls.n37307,potior1,ls.n37307:potior1
ls.n37310,potis,ls.n37310:potis
ls.n37331,prae,ls.n37331:prae
ls.n37341,praebeo,ls.n37341:praebeo
ls.n37409,praecipio,ls.n37409:praecipio
ls.n37415,praecipito,ls.n37415:praecipito
ls.n37484,praeda,ls.n37484:praeda
ls.n3749,arripio,ls.n3749:arripio
ls.n37518,praedico2,ls.n37518:praedico2
ls.n3769,ars,ls.n3769:ars
ls.n37752,praemium,ls.n37752:praemium
ls.n37972,praesidium,ls.n37972:praesidium
ls.n38012,praesto2,ls.n38012:praesto2
ls.n38069,praeter,ls.n38069:praeter
ls.n38100,praeterquam,ls.n38100:praeterquam
ls.n38105,praetervehor,ls.n38105:praetervehor
ls.n3816,artificium,ls.n3816:artificium
ls.n38245,precor,ls.n38245:precor
ls.n38283,pretium,ls.n38283:pretium
ls.n38340,primus,ls.n38340:primus
ls.n38341,princeps1,ls.n38341:princeps1
ls.n38352,prior,ls.n38352:prior
ls.n38365,prius,ls.n38365:prius
ls.n38381,privo,ls.n38381:privo
ls.n38383,pro1,ls.n38383:pro1
ls.n38498,procreo,ls.n38498:procreo
ls.n38534,procus2,ls.n38534:procus2
ls.n3853,arx,ls.n3853:arx
ls.n38556,prodigium,ls.n38556:prodigium
ls.n38568,prodo,ls.n38568:prodo
ls.n38589,proelium,ls.n38589:proelium
ls.n38618,proficio,ls.n38618:proficio
ls.n38619,proficisco,ls.n38619:proficisco
ls.n38635,profluo,ls.n38635:profluo
ls.n38642,profugio,ls.n38642:profugio
ls.n38684,prohibeo,ls.n38684:prohibeo
ls.n3873,ascendo,ls.n3873:ascendo
ls.n38782,promitto,ls.n38782:promitto
ls.n38866,prope,ls.n38866:prope
ls.n38951,proprius,ls.n38951:proprius
ls.n38952,propter,ls.n38952:propter
ls.n39228,provoco,ls.n39228:provoco
ls.n39383,pubes1,ls.n39383:pubes1
ls.n39417,pudor,ls.n39417:pudor
ls.n39421,puella,ls.n39421:puella
ls.n39429,puer,ls.n39429:puer
ls.n39465,pugna,ls.n39465:pugna
ls.n39477,pugno,ls.n39477:pugno
ls.n39482,pulcher1,ls.n39482:pulcher1
ls.n39596,punio,ls.n39596:punio
ls.n39610,puppis,ls.n39610:puppis
ls.n39703,puto,ls.n39703:puto
ls.n39745,pyra,ls.n39745:pyra
ls.n3986,aspicio,ls.n3986:aspicio
ls.n39875,quadriga,ls.n39875:quadriga
ls.n39941,quaero,ls.n39941:quaero
ls.n39985,quamvis,ls.n39985:quamvis
ls.n39989,quando,ls.n39989:quando
ls.n40013,quantus,ls.n40013:quantus
ls.n40033,quartus,ls.n40033:quartus
ls.n40035,quasi,ls.n40035:quasi
ls.n40062,quattuor,ls.n40062:quattuor
ls.n40073,quemadmodum,ls.n40073:quemadmodum
ls.n40089,queror,ls.n40089:queror
ls.n40103,qui1,ls.n40103:qui1
ls.n40105,quia,ls.n40105:quia
ls.n40113,quidam,ls.n40113:quidam
ls.n40120,quies1,ls.n40120:quies1
ls.n40171,quinque1,ls.n40171:quinque1
ls.n40221,quintus1,ls.n40221:quintus1
ls.n40242,quis1,ls.n40242:quis1
ls.n40248,quisque,ls.n40248:quisque
ls.n40262,quod1,ls.n40262:quod1
ls.n40264,quodammodo,ls.n40264:quodammodo
ls.n40273,quomodo,ls.n40273:quomodo
ls.n40278,quondam,ls.n40278:quondam
ls.n40279,quoniam,ls.n40279:quoniam
ls.n40282,quoque1,ls.n40282:quoque1
ls.n40405,rapio,ls.n40405:rapio
ls.n40449,ratio,ls.n40449:ratio
ls.n40575,recipero,ls.n40575:recipero
ls.n40577,recipio,ls.n40577:recipio
ls.n40711,reddo,ls.n40711:reddo
ls.n40719,redeo,ls.n40719:redeo
ls.n40760,reduco,ls.n40760:reduco
ls.n40791,refero,ls.n40791:refero
ls.n40899,regina,ls.n40899:regina
ls.n40905,regius,ls.n40905:regius
ls.n40911,regno,ls.n40911:regno
ls.n40912,regnum,ls.n40912:regnum
ls.n40980,religo,ls.n40980:religo
ls.n40982,relinquo,ls.n40982:relinquo
ls.n40989,reliquus,ls.n40989:reliquus
ls.n41022,remedium,ls.n41022:remedium
ls.n41050,remitto,ls.n41050:remitto
ls.n41092,Remus2,ls.n41092:Remus2
ls.n41137,reor,ls.n41137:reor
ls.n41160,repens2,ls.n41160:repens2
ls.n41188,repeto,ls.n41188:repeto
ls.n41256,repudio,ls.n41256:repudio
ls.n41293,res,ls.n41293:res
ls.n41303,rescindo,ls.n41303:rescindo
ls.n41305,rescisco,ls.n41305:rescisco
ls.n41387,respondeo,ls.n41387:respondeo
ls.n41420,restituo,ls.n41420:restituo
ls.n41527,retro,ls.n41527:retro
ls.n41554,reus,ls.n41554:reus
ls.n41583,reverto,ls.n41583:reverto
ls.n41625,rex1,ls.n41625:rex1
ls.n41774,ripa,ls.n41774:ripa
ls.n41838,rogo,ls.n41838:rogo
ls.n41840,Roma,ls.n41840:Roma
ls.n41845,Romulus1,ls.n41845:Romulus1
ls.n4190,astrum,ls.n4190:astrum
ls.n42026,ruo,ls.n42026:ruo
ls.n42157,sacer,ls.n42157:sacer
ls.n42158,sacerdos1,ls.n42158:sacerdos1
ls.n42192,sacrifico,ls.n42192:sacrifico
ls.n42201,sacro,ls.n42201:sacro
ls.n4220,at,ls.n4220:at
ls.n42211,saepe,ls.n42211:saepe
ls.n42264,sagitta,ls.n42264:sagitta
ls.n4239,Athamas,ls.n4239:Athamas
ls.n42408,saltus1,ls.n42408:saltus1
ls.n42428,saluto,ls.n42428:saluto
ls.n42500,sanctus,ls.n42500:sanctus
ls.n42533,sanguis,ls.n42533:sanguis
ls.n42571,sapio,ls.n42571:sapio
ls.n42691,satelles,ls.n42691:satelles
ls.n42755,satyrus,ls.n42755:satyrus
ls.n4275,atque,ls.n4275:atque
ls.n42792,saxum,ls.n42792:saxum
ls.n428,accuso,ls.n428:accuso
ls.n42910,scelero,ls.n42910:scelero
ls.n42918,scelus,ls.n42918:scelus
ls.n42969,scindo,ls.n42969:scindo
ls.n42976,scio,ls.n42976:scio
ls.n42998,sciscitor,ls.n42998:sciscitor
ls.n43092,scribo,ls.n43092:scribo
ls.n43178,scutum,ls.n43178:scutum
ls.n43184,Scylla,ls.n43184:Scylla
ls.n43239,secretus,ls.n43239:secretus
ls.n43263,secum,ls.n43263:secum
ls.n43273,secundus1,ls.n43273:secundus1
ls.n43291,sed1,ls.n43291:sed1
ls.n43305,sedeo,ls.n43305:sedeo
ls.n43312,seditio,ls.n43312:seditio
ls.n43412,semel,ls.n43412:semel
ls.n435,acer2,ls.n435:acer2
ls.n43600,semper,ls.n43600:semper
ls.n43634,senex,ls.n43634:senex
ls.n43666,sententia,ls.n43666:sententia
ls.n43681,sentio,ls.n43681:sentio
ls.n43701,separo,ls.n43701:separo
ls.n43703,sepelio,ls.n43703:sepelio
ls.n43722,septem,ls.n43722:septem
ls.n43770,septimus,ls.n43770:septimus
ls.n43803,sepultura,ls.n43803:sepultura
ls.n43823,sequor,ls.n43823:sequor
ls.n43872,sermo,ls.n43872:sermo
ls.n43883,sero1,ls.n43883:sero1
ls.n43884,sero2,ls.n43884:sero2
ls.n43888,serpens,ls.n43888:serpens
ls.n43940,servio,ls.n43940:servio
ls.n43945,servitus,ls.n43945:servitus
ls.n43947,servo,ls.n43947:servo
ls.n44049,sex,ls.n44049:sex
ls.n44089,sextus1,ls.n44089:sextus1
ls.n44096,si,ls.n44096:si
ls.n44111,sic,ls.n44111:sic
ls.n44132,siccus,ls.n44132:siccus
ls.n44182,sidus,ls.n44182:sidus
ls.n4420,auctor,ls.n4420:auctor
ls.n44227,signum,ls.n44227:signum
ls.n44280,silva,ls.n44280:silva
ls.n44303,similis,ls.n44303:similis
ls.n44335,simul,ls.n44335:simul
ls.n44337,simulacrum,ls.n44337:simulacrum
ls.n44347,simulo,ls.n44347:simulo
ls.n44348,simultas,ls.n44348:simultas
ls.n44372,sine,ls.n44372:sine
ls.n44395,singulus,ls.n44395:singulus
ls.n4442,audacia,ls.n4442:audacia
ls.n4450,audeo,ls.n4450:audeo
ls.n44517,sive,ls.n44517:sive
ls.n4453,audio,ls.n4453:audio
ls.n44562,socius,ls.n44562:socius
ls.n44573,sodalis,ls.n44573:sodalis
ls.n44583,sol,ls.n44583:sol
ls.n44608,soleo,ls.n44608:soleo
ls.n44698,solvo,ls.n44698:solvo
ls.n4470,augeo,ls.n4470:augeo
ls.n44798,soror,ls.n44798:soror
ls.n4479,augur,ls.n4479:augur
ls.n44805,sors,ls.n44805:sors
ls.n4490,augurium,ls.n4490:augurium
ls.n44913,species,ls.n44913:species
ls.n44920,speciosus,ls.n44920:speciosus
ls.n44923,spectaculum,ls.n44923:spectaculum
ls.n44958,spelunca,ls.n44958:spelunca
ls.n44968,sperno,ls.n44968:sperno
ls.n44970,spero,ls.n44970:spero
ls.n44971,spes,ls.n44971:spes
ls.n45053,spiritus,ls.n45053:spiritus
ls.n45100,spondeo,ls.n45100:spondeo
ls.n45214,stabulum,ls.n45214:stabulum
ls.n45225,stadium,ls.n45225:stadium
ls.n45273,statim,ls.n45273:statim
ls.n45294,statuo,ls.n45294:statuo
ls.n45311,stella,ls.n45311:stella
ls.n45362,sterilitas,ls.n45362:sterilitas
ls.n45414,stimulo,ls.n45414:stimulo
ls.n45457,sto,ls.n45457:sto
ls.n4547,aureus,ls.n4547:aureus
ls.n45502,stramentor,ls.n45502:stramentor
ls.n4560,auriga,ls.n4560:auriga
ls.n45654,studium,ls.n45654:studium
ls.n45681,stuprum,ls.n45681:stuprum
ls.n45742,suavitas,ls.n45742:suavitas
ls.n45746,sub,ls.n45746:sub
ls.n4576,auris,ls.n4576:auris
ls.n4581,aurora,ls.n4581:aurora
ls.n45870,subicio,ls.n45870:subicio
ls.n4588,aurum,ls.n4588:aurum
ls.n45904,subito,ls.n45904:subito
ls.n4615,auster1,ls.n4615:auster1
ls.n4632,aut,ls.n4632:aut
ls.n4633,autem,ls.n4633:autem
ls.n46406,suffero,ls.n46406:suffero
ls.n46498,sui,ls.n46498:sui
ls.n46529,sum1,ls.n46529:sum1
ls.n46587,sumo,ls.n46587:sumo
ls.n46609,super2,ls.n46609:super2
ls.n4660,auxilium,ls.n4660:auxilium
ls.n46648,superbus,ls.n46648:superbus
ls.n46824,supero,ls.n46824:supero
ls.n46843,superpono,ls.n46843:superpono
ls.n46901,superus,ls.n46901:superus
ls.n46972,supplicium,ls.n46972:supplicium
ls.n46980,suppono,ls.n46980:suppono
ls.n47118,suspendium,ls.n47118:suspendium
ls.n47146,sustineo,ls.n47146:sustineo
ls.n4714,avis,ls.n4714:avis
ls.n47174,suus,ls.n47174:suus
ls.n4717,avitus1,ls.n4717:avitus1
ls.n4729,avunculus,ls.n4729:avunculus
ls.n4730,avus,ls.n4730:avus
ls.n47328,tabernaculum,ls.n47328:tabernaculum
ls.n47432,tam,ls.n47432:tam
ls.n47439,tamen,ls.n47439:tamen
ls.n47450,tamquam,ls.n47450:tamquam
ls.n47456,tandem,ls.n47456:tandem
ls.n47460,tango,ls.n47460:tango
ls.n47473,tantus,ls.n47473:tantus
ls.n47579,taurus1,ls.n47579:taurus1
ls.n47640,tego,ls.n47640:tego
ls.n47680,telum,ls.n47680:telum
ls.n47718,tempestas,ls.n47718:tempestas
ls.n47727,templum,ls.n47727:templum
ls.n47738,tempus,ls.n47738:tempus
ls.n47751,tendo,ls.n47751:tendo
ls.n47770,teneo,ls.n47770:teneo
ls.n47796,tento,ls.n47796:tento
ls.n47809,tenuis,ls.n47809:tenuis
ls.n47829,ter,ls.n47829:ter
ls.n47897,terra,ls.n47897:terra
ls.n47901,terreo,ls.n47901:terreo
ls.n47926,terror,ls.n47926:terror
ls.n47944,tertius,ls.n47944:tertius
ls.n47983,testor,ls.n47983:testor
ls.n48071,thalamus,ls.n48071:thalamus
ls.n48303,tibia,ls.n48303:tibia
ls.n48358,timeo,ls.n48358:timeo
ls.n48387,tingo,ls.n48387:tingo
ls.n48443,titio,ls.n48443:titio
ls.n48489,tollo,ls.n48489:tollo
ls.n48622,tot,ls.n48622:tot
ls.n48671,trado,ls.n48671:trado
ls.n48709,traho,ls.n48709:traho
ls.n48733,trano,ls.n48733:trano
ls.n48739,trans,ls.n48739:trans
ls.n48771,transeo,ls.n48771:transeo
ls.n48775,transfero,ls.n48775:transfero
ls.n48969,tres,ls.n48969:tres
ls.n49002,tribuo,ls.n49002:tribuo
ls.n4904,balteus,ls.n4904:balteus
ls.n49206,tristis,ls.n49206:tristis
ls.n49272,Troia,ls.n49272:Troia
ls.n49278,Trojanus,ls.n49278:Trojanus
ls.n49339,tu,ls.n49339:tu
ls.n49387,Tullius,ls.n49387:Tullius
ls.n49390,tum,ls.n49390:tum
ls.n49420,tunc,ls.n49420:tunc
ls.n49424,tunica,ls.n49424:tunica
ls.n49558,tutus,ls.n49558:tutus
ls.n49615,ubi,ls.n49615:ubi
ls.n49645,ullus,ls.n49645:ullus
ls.n49664,ultio,ls.n49664:ultio
ls.n49665,ultor,ls.n49665:ultor
ls.n49762,unde,ls.n49762:unde
ls.n49768,undecimus,ls.n49768:undecimus
ls.n49795,undique,ls.n49795:undique
ls.n49871,unus,ls.n49871:unus
ls.n49895,urbs,ls.n49895:urbs
ls.n49940,usque,ls.n49940:usque
ls.n49975,ut,ls.n49975:ut
ls.n49988,uterque,ls.n49988:uterque
ls.n49989,uterus,ls.n49989:uterus
ls.n4,ab,ls.n4:ab
ls.n50000,utique2,ls.n50000:utique2
ls.n50002,utor,ls.n50002:utor
ls.n50039,uxor,ls.n50039:uxor
ls.n50048,vacca1,ls.n50048:vacca1
ls.n50077,vado1,ls.n50077:vado1
ls.n50101,vagitus,ls.n50101:vagitus
ls.n50254,vates,ls.n50254:vates
ls.n50322,veho,ls.n50322:veho
ls.n50326,vel,ls.n50326:vel
ls.n50376,velum,ls.n50376:velum
ls.n50393,venatio,ls.n50393:venatio
ls.n503,Achivus,ls.n503:Achivus
ls.n50421,venenum,ls.n50421:venenum
ls.n50434,veneror,ls.n50434:veneror
ls.n50442,venio,ls.n50442:venio
ls.n50445,venor,ls.n50445:venor
ls.n50537,vereor,ls.n50537:vereor
ls.n50654,verto,ls.n50654:verto
ls.n50667,verus,ls.n50667:verus
ls.n50735,vestis,ls.n50735:vestis
ls.n50793,via,ls.n50793:via
ls.n50865,victor1,ls.n50865:victor1
ls.n50867,victoria,ls.n50867:victoria
ls.n50883,video,ls.n50883:video
ls.n50967,vincio,ls.n50967:vincio
ls.n50968,vinco,ls.n50968:vinco
ls.n50975,vinculum,ls.n50975:vinculum
ls.n50990,vindico,ls.n50990:vindico
ls.n51007,vinum,ls.n51007:vinum
ls.n51027,violo,ls.n51027:violo
ls.n51034,vir,ls.n51034:vir
ls.n51069,virgo,ls.n51069:virgo
ls.n51073,virgultum,ls.n51073:virgultum
ls.n51108,virtus,ls.n51108:virtus
ls.n51113,vis,ls.n51113:vis
ls.n51147,vita,ls.n51147:vita
ls.n51238,vivo,ls.n51238:vivo
ls.n51240,vix,ls.n51240:vix
ls.n51261,vociferor,ls.n51261:vociferor
ls.n51266,voco,ls.n51266:voco
ls.n51298,volo1,ls.n51298:volo1
ls.n51337,voluntas,ls.n51337:voluntas
ls.n51343,voluptas,ls.n51343:voluptas
ls.n51406,vox,ls.n51406:vox
ls.n51428,vulnus,ls.n51428:vulnus
ls.n5147,bellum,ls.n5147:bellum
ls.n5168,bene,ls.n5168:bene
ls.n517,acies,ls.n517:acies
ls.n5180,beneficium,ls.n5180:beneficium
ls.n5232,bestia1,ls.n5232:bestia1
ls.n5275,bibo1,ls.n5275:bibo1
ls.n5558,bonus,ls.n5558:bonus
ls.n5575,bos,ls.n5575:bos
ls.n55,abduco,ls.n55:abduco
ls.n5630,bracchium,ls.n5630:bracchium
ls.n5684,brevis,ls.n5684:brevis
ls.n6010,caedes,ls.n6010:caedes
ls.n6011,caedo,ls.n6011:caedo
ls.n6042,caelum2,ls.n6042:caelum2
ls.n6259,caligo1,ls.n6259:caligo1
ls.n6420,campus1,ls.n6420:campus1
ls.n6480,candidus,ls.n6480:candidus
ls.n6506,canis1,ls.n6506:canis1
ls.n6524,cano,ls.n6524:cano
ls.n6571,canto,ls.n6571:canto
ls.n6576,cantus,ls.n6576:cantus
ls.n65,abeo,ls.n65:abeo
ls.n6613,capillus,ls.n6613:capillus
ls.n6614,capio1,ls.n6614:capio1
ls.n6635,Capitolinus,ls.n6635:Capitolinus
ls.n6658,capra,ls.n6658:capra
ls.n665,ad,ls.n665:ad
ls.n6708,captivus,ls.n6708:captivus
ls.n6724,caput,ls.n6724:caput
ls.n6814,carmen1,ls.n6814:carmen1
ls.n6836,carnifex,ls.n6836:carnifex
ls.n6848,caro2,ls.n6848:caro2
ls.n691,adamo,ls.n691:adamo
ls.n6944,Cassandra,ls.n6944:Cassandra
ls.n7012,castrum,ls.n7012:castrum
ls.n7021,casus1,ls.n7021:casus1
ls.n7197,causa,ls.n7197:causa
ls.n7230,cautus,ls.n7230:cautus
ls.n7275,cedo1,ls.n7275:cedo1
ls.n7395,Centaurus,ls.n7395:Centaurus
ls.n7426,centum,ls.n7426:centum
ls.n743,adduco,ls.n743:adduco
ls.n754,adeo2,ls.n754:adeo2
ls.n7579,certamen,ls.n7579:certamen
ls.n7590,certo2,ls.n7590:certo2
ls.n7592,certus,ls.n7592:certus
ls.n7598,cerva,ls.n7598:cerva
ls.n7611,cervus,ls.n7611:cervus
ls.n7640,ceterus,ls.n7640:ceterus
ls.n7647,cetus,ls.n7647:cetus
ls.n790,adhuc,ls.n790:adhuc
ls.n7957,cibus,ls.n7957:cibus
ls.n797,adicio,ls.n797:adicio
ls.n8084,circa1,ls.n8084:circa1
ls.n8112,circuitus2,ls.n8112:circuitus2
ls.n8122,circum,ls.n8122:circum
ls.n8428,cithara,ls.n8428:cithara
ls.n8464,civis,ls.n8464:civis
ls.n8465,civitas,ls.n8465:civitas
ls.n8469,clades,ls.n8469:clades
ls.n8472,clam,ls.n8472:clam
ls.n8479,clamor,ls.n8479:clamor
ls.n8513,clarus,ls.n8513:clarus
ls.n8518,classis,ls.n8518:classis
ls.n8535,claudo1,ls.n8535:claudo1
ls.n8620,clipeus,ls.n8620:clipeus
ls.n862,adjuvo,ls.n862:adjuvo
ls.n87,abigo,ls.n87:abigo
ls.n8883,coepio,ls.n8883:coepio
ls.n8934,cognomino,ls.n8934:cognomino
ls.n8938,cognosco,ls.n8938:cognosco
ls.n8939,cogo,ls.n8939:cogo
ls.n8979,coitus2,ls.n8979:coitus2
ls.n902,admitto,ls.n902:admitto
ls.n9072,colligo1,ls.n9072:colligo1
ls.n9093,colloco,ls.n9093:colloco
ls.n9134,colo1,ls.n9134:colo1
ls.n9183,columba,ls.n9183:columba
ls.n9199,columna,ls.n9199:columna
ls.n9247,comes,ls.n9247:comes
ls.n9404,committo,ls.n9404:committo
ls.n9489,commuto,ls.n9489:commuto
ls.n9532,comparo1,ls.n9532:comparo1
ls.n9638,complures,ls.n9638:complures
ls.n9684,compressio,ls.n9684:compressio
ls.n9688,compressus2,ls.n9688:compressus2
ls.n9689,comprimo,ls.n9689:comprimo
ls.n9766,concedo,ls.n9766:concedo
ls.n9823,concilium,ls.n9823:concilium
ls.n9892,concordia1,ls.n9892:concordia1
ls.n9942,concumbo,ls.n9942:concumbo
ls.n9996,condicio,ls.n9996:condicio
